ID,Predicted
0,4.33922
1,3.72795
2,3.62441
3,3.84931
4,3.50175
5,2.75899
6,3.58465
7,3.4148
8,3.3531
9,2.68011
10,3.84195
11,3.42018
12,3.25073
13,3.1921
14,2.09546
15,4.39424
16,3.2666
17,3.5558
18,3.05108
19,1.28098
20,3.00675
21,4.07951
22,2.2092
23,4.21323
24,4.22869
25,3.48441
26,3.51212
27,3.41961
28,4.43008
29,3.92144
30,4.25407
31,3.77974
32,2.07284
33,3.18454
34,4.4263
35,3.56274
36,3.88477
37,2.62637
38,3.37522
39,3.23043
40,3.06988
41,4.05665
42,3.53918
43,4.31425
44,1.81634
45,3.75996
46,3.37608
47,3.98186
48,4.17337
49,3.89677
50,3.33663
51,3.42777
52,3.00598
53,3.17659
54,3.76643
55,3.81045
56,2.71769
57,4.2421
58,2.68506
59,3.55815
60,3.9544
61,3.44956
62,3.86895
63,4.57795
64,3.11042
65,3.41421
66,4.27172
67,4.27499
68,3.65566
69,3.93405
70,3.70236
71,3.67466
72,3.8075
73,3.6589
74,4.10852
75,3.68099
76,2.68196
77,3.89369
78,2.91138
79,3.0066
80,4.18189
81,3.56713
82,4.36107
83,3.02765
84,4.60672
85,3.37449
86,3.1714
87,3.17236
88,2.85572
89,3.43847
90,2.36328
91,3.42284
92,3.95524
93,4.04149
94,3.7149
95,2.81921
96,2.67095
97,3.33003
98,3.52855
99,3.60513
100,3.125
101,3.94869
102,3.90099
103,3.38038
104,4.05952
105,3.20882
106,3.2295
107,3.79455
108,3.85522
109,2.91723
110,2.00691
111,3.31145
112,2.60694
113,3.05556
114,3.60316
115,2.50467
116,4.1024
117,2.80014
118,3.57422
119,3.58303
120,3.30881
121,3.84275
122,3.39253
123,4.03967
124,3.84058
125,3.07054
126,2.14681
127,4.55854
128,3.29146
129,3.46963
130,3.8491
131,3.44873
132,3.74296
133,4.11709
134,3.81732
135,3.09982
136,3.95984
137,2.58958
138,3.71738
139,4.21087
140,3.06441
141,4.04578
142,2.57414
143,3.60345
144,3.53569
145,2.53835
146,3.08153
147,4.34354
148,4.06204
149,3.47663
150,3.23567
151,2.74895
152,2.54328
153,2.15278
154,2.41949
155,3.84644
156,3.84339
157,1.83568
158,4.09414
159,4.22325
160,4.12302
161,2.36484
162,4.04518
163,3.71652
164,3.41511
165,3.60561
166,2.97533
167,4.2816
168,3.27977
169,3.63204
170,4.16305
171,4.13353
172,3.84851
173,4.05888
174,3.34848
175,3.96076
176,3.90264
177,3.96505
178,3.22024
179,3.64102
180,2.85168
181,3.59731
182,3.53837
183,4.3799
184,2.91662
185,1.96314
186,3.92629
187,4.18493
188,4.0424
189,3.72117
190,3.37805
191,3.52005
192,4.02993
193,3.40595
194,3.80742
195,2.58201
196,3.90413
197,3.80964
198,3.00302
199,3.40597
200,3.89026
201,4.21673
202,2.65719
203,2.59315
204,3.206
205,3.73472
206,3.13553
207,3.86023
208,4.61325
209,3.94075
210,2.29699
211,3.5005
212,3.00055
213,3.02374
214,2.95822
215,3.0891
216,3.59721
217,2.71148
218,1.88295
219,3.46383
220,3.20098
221,2.8563
222,3.27523
223,3.90572
224,3.46637
225,3.6653
226,3.25182
227,3.82544
228,3.61267
229,1.98078
230,3.87051
231,2.60671
232,1.87103
233,4.06276
234,4.07816
235,3.73229
236,3.72072
237,3.7902
238,3.2556
239,3.09715
240,3.54405
241,2.90484
242,3.06015
243,3.08206
244,2.7218
245,3.22894
246,3.25824
247,3.00521
248,3.50804
249,2.53391
250,2.68457
251,2.70944
252,3.81112
253,1.96545
254,4.22463
255,3.75477
256,2.84215
257,3.29238
258,4.27835
259,3.21072
260,2.87621
261,3.09401
262,3.46374
263,3.38053
264,3.84952
265,3.66187
266,4.10343
267,3.52683
268,3.89707
269,2.26629
270,3.63707
271,3.57087
272,3.40931
273,3.66155
274,4.59971
275,3.80524
276,3.42625
277,3.69437
278,3.7879
279,2.67595
280,3.14462
281,4.52539
282,4.00327
283,3.57032
284,4.11624
285,3.1314
286,3.99352
287,3.15944
288,4.0778
289,4.12833
290,3.7809
291,2.54054
292,4.46921
293,3.23177
294,2.89543
295,3.27932
296,3.2581
297,4.16247
298,3.83099
299,2.80955
300,3.56895
301,3.67718
302,2.71894
303,3.13551
304,3.71049
305,4.08019
306,3.75999
307,3.17332
308,3.46754
309,3.97444
310,4.09499
311,3.35242
312,3.22638
313,2.6192
314,3.72186
315,3.01659
316,2.09435
317,2.69262
318,3.62864
319,3.89748
320,4.18356
321,3.64288
322,3.63007
323,3.27601
324,3.71503
325,3.78665
326,3.60554
327,3.70444
328,3.09513
329,4.19173
330,4.454
331,3.7598
332,3.3444
333,4.16329
334,3.66573
335,2.51883
336,2.98722
337,3.6716
338,3.88743
339,3.76072
340,2.96484
341,3.84028
342,3.85042
343,2.77293
344,3.99671
345,3.72643
346,3.85254
347,1.13449
348,3.58504
349,3.18605
350,3.43394
351,2.55413
352,3.31818
353,2.50205
354,3.49432
355,3.31855
356,3.71988
357,4.37421
358,3.69428
359,3.27605
360,3.60514
361,3.87965
362,2.57164
363,3.67866
364,4.30628
365,2.17306
366,4.09795
367,4.11789
368,3.09937
369,4.16239
370,3.57735
371,3.08711
372,3.11001
373,3.36186
374,3.36841
375,2.94356
376,3.6294
377,3.81204
378,3.69496
379,3.42924
380,3.88542
381,2.74549
382,2.91172
383,3.43118
384,1.69869
385,2.7296
386,4.17148
387,4.39982
388,3.69023
389,3.01913
390,3.88834
391,3.66599
392,4.36468
393,4.14722
394,3.63549
395,3.77635
396,3.20986
397,2.42788
398,3.19442
399,3.58026
400,3.03551
401,3.82127
402,3.7373
403,3.03204
404,4.05577
405,3.74815
406,3.53639
407,4.26125
408,3.26442
409,2.8443
410,2.65858
411,3.9972
412,4.3927
413,3.09047
414,4.01436
415,4.0542
416,3.94109
417,3.13288
418,4.12483
419,3.52235
420,4.02382
421,4.00653
422,2.79023
423,4.27391
424,3.17438
425,3.71559
426,3.09139
427,3.41606
428,3.62188
429,2.70295
430,3.10978
431,4.1006
432,3.98936
433,3.80812
434,3.55115
435,4.30901
436,4.31438
437,3.89957
438,3.50132
439,2.9124
440,3.97073
441,4.05398
442,3.56419
443,4.17796
444,3.98419
445,2.5322
446,3.6941
447,3.19843
448,3.11263
449,4.02192
450,4.36437
451,4.57011
452,3.77201
453,3.57404
454,3.44732
455,3.27211
456,3.56475
457,4.20766
458,3.42698
459,4.18226
460,3.97473
461,4.21115
462,2.55194
463,3.67703
464,2.71333
465,3.70591
466,4.20429
467,1.67135
468,3.11047
469,1.45127
470,3.33524
471,3.08298
472,4.00737
473,4.37812
474,3.87555
475,2.80085
476,3.12176
477,3.53912
478,2.88436
479,3.23824
480,3.16216
481,2.91065
482,3.95046
483,2.93453
484,3.41204
485,4.16392
486,2.33777
487,3.31316
488,3.78438
489,2.78151
490,4.07495
491,2.79223
492,3.4586
493,4.17027
494,2.61027
495,4.67066
496,3.38182
497,4.16463
498,3.57912
499,2.89439
500,2.72618
501,3.69514
502,2.42671
503,4.08825
504,2.90612
505,4.23659
506,4.2335
507,3.4503
508,3.51116
509,4.05517
510,2.14997
511,3.34787
512,4.13216
513,3.78194
514,3.8785
515,2.75503
516,4.04999
517,2.80661
518,4.03395
519,3.26345
520,3.7363
521,2.55027
522,3.57568
523,3.84819
524,4.4815
525,3.24478
526,3.59111
527,3.11142
528,2.83788
529,3.22564
530,2.87767
531,4.44104
532,3.24482
533,4.32648
534,3.11962
535,3.84067
536,3.59277
537,4.28767
538,2.56834
539,3.62642
540,3.43128
541,3.21279
542,3.40812
543,2.83339
544,3.77088
545,2.82391
546,3.53113
547,2.86523
548,3.55707
549,1.66296
550,3.60837
551,3.60561
552,3.19074
553,3.36656
554,3.26283
555,3.83872
556,3.80805
557,1.72902
558,3.17759
559,3.19227
560,4.32857
561,3.80298
562,3.39873
563,3.42422
564,4.23491
565,3.67358
566,2.94126
567,3.40363
568,4.17784
569,2.58568
570,2.95348
571,3.95468
572,3.17707
573,3.7502
574,2.85636
575,3.37119
576,3.56618
577,3.05975
578,4.58722
579,3.44786
580,1.89512
581,4.63715
582,3.53291
583,2.85916
584,3.3157
585,4.05779
586,3.36813
587,2.95472
588,3.45592
589,3.36956
590,2.32863
591,2.49003
592,4.2748
593,3.67045
594,3.1901
595,3.21766
596,3.40528
597,3.86997
598,3.71488
599,3.51963
600,3.62582
601,3.4888
602,3.55409
603,2.29982
604,2.66688
605,3.37169
606,3.52204
607,3.66647
608,2.60165
609,3.14641
610,2.94778
611,3.29064
612,4.16901
613,2.49437
614,3.81279
615,2.9585
616,3.16356
617,2.81228
618,4.0354
619,3.04107
620,3.89455
621,3.91932
622,3.32757
623,4.13277
624,3.27754
625,3.74588
626,2.54867
627,3.34675
628,2.82188
629,3.50939
630,3.55895
631,4.36381
632,3.13649
633,3.63621
634,3.16212
635,3.89742
636,4.04853
637,3.40583
638,2.96327
639,4.05003
640,2.49476
641,3.18459
642,4.23918
643,4.10988
644,3.92847
645,2.93971
646,3.4356
647,3.45067
648,1.46178
649,3.79421
650,3.53537
651,3.24788
652,2.93619
653,3.32785
654,3.42911
655,2.90898
656,3.67426
657,4.09492
658,3.07502
659,4.09951
660,3.76346
661,2.36821
662,3.32479
663,4.10726
664,4.22519
665,3.87649
666,3.70029
667,3.42349
668,3.71964
669,3.88182
670,3.65109
671,3.76339
672,3.76133
673,3.76516
674,3.82842
675,3.0843
676,3.28953
677,3.38958
678,3.62645
679,3.36001
680,2.98052
681,3.66775
682,3.29739
683,3.93992
684,3.08095
685,3.88822
686,3.73599
687,3.93483
688,3.58319
689,2.35528
690,3.59095
691,3.87747
692,3.79926
693,4.24121
694,3.46541
695,3.13952
696,4.2326
697,3.6596
698,3.20727
699,4.00813
700,3.81443
701,4.19202
702,3.94229
703,3.91684
704,2.20972
705,4.22564
706,3.61794
707,3.25426
708,2.70435
709,3.47
710,3.75027
711,4.04294
712,3.18085
713,3.19459
714,2.4971
715,1.45009
716,3.34549
717,3.96639
718,4.01251
719,3.60625
720,3.40569
721,3.69347
722,3.92722
723,2.76857
724,3.91174
725,4.21426
726,3.19526
727,3.70706
728,3.76711
729,3.40225
730,3.25
731,3.84957
732,3.86675
733,3.32817
734,3.42895
735,2.63749
736,4.26517
737,3.00327
738,3.59115
739,3.56376
740,3.37113
741,3.46942
742,3.06677
743,3.73937
744,4.42776
745,3.91955
746,4.29967
747,3.37177
748,3.45385
749,3.89637
750,4.11538
751,2.92573
752,4.16757
753,2.65553
754,4.0605
755,2.35002
756,2.83481
757,4.27224
758,3.84297
759,3.20773
760,3.39682
761,4.08315
762,3.37249
763,3.67808
764,2.86775
765,3.00541
766,3.18169
767,4.04222
768,3.61553
769,3.18752
770,4.14811
771,3.85348
772,3.98634
773,3.67113
774,4.25421
775,2.94716
776,3.74647
777,1.86242
778,3.98647
779,3.90533
780,3.04816
781,2.72629
782,2.98004
783,3.23436
784,3.49934
785,3.45705
786,2.55325
787,1.81022
788,3.71844
789,4.19667
790,3.89201
791,3.47367
792,3.31477
793,3.94721
794,4.17998
795,4.09515
796,2.40651
797,2.76316
798,3.22492
799,2.2215
800,4.29396
801,3.19448
802,3.58515
803,3.52983
804,2.76152
805,3.17351
806,3.94465
807,3.69143
808,2.58975
809,3.54207
810,4.12591
811,2.73504
812,4.15187
813,4.32747
814,3.94142
815,4.40382
816,3.00476
817,3.87305
818,3.41384
819,3.84697
820,3.68722
821,3.89141
822,3.96717
823,4.33712
824,3.54267
825,3.16914
826,4.14444
827,2.07261
828,4.04549
829,2.40578
830,4.15978
831,2.57514
832,3.51456
833,3.84426
834,3.02285
835,3.01011
836,2.73407
837,4.57178
838,3.98065
839,2.62429
840,3.77358
841,4.14688
842,2.49203
843,3.49865
844,3.58422
845,3.57408
846,3.81548
847,2.92568
848,3.77064
849,3.99369
850,3.54888
851,3.07722
852,4.10198
853,3.77962
854,3.16551
855,4.27434
856,3.57041
857,2.6746
858,2.66654
859,3.18796
860,3.68438
861,4.37669
862,2.58604
863,3.54843
864,3.41475
865,2.86273
866,1.79095
867,3.80035
868,3.85767
869,3.16597
870,3.97394
871,3.464
872,2.30032
873,4.49724
874,4.27819
875,3.65601
876,3.51452
877,3.14539
878,2.89379
879,2.9693
880,3.26655
881,3.97954
882,3.76124
883,3.14596
884,2.80058
885,3.21962
886,4.09821
887,3.25151
888,3.18399
889,2.75586
890,3.86967
891,3.44752
892,2.37861
893,3.43182
894,3.09267
895,4.00618
896,2.79294
897,4.26125
898,3.89059
899,3.01289
900,3.39416
901,3.24687
902,1.90779
903,3.72297
904,3.43867
905,3.92794
906,3.25685
907,4.13618
908,2.53828
909,4.12262
910,2.49164
911,3.45606
912,4.40342
913,2.86852
914,3.46633
915,3.38693
916,3.35649
917,3.48844
918,3.89238
919,3.93356
920,3.41944
921,3.53084
922,4.05241
923,3.59163
924,4.1241
925,4.15231
926,2.94007
927,3.23894
928,4.31295
929,4.00456
930,0.981204
931,2.01404
932,3.66725
933,3.83659
934,3.43206
935,3.78384
936,3.93269
937,3.37418
938,3.08196
939,3.77597
940,2.57789
941,3.44576
942,3.41484
943,4.40199
944,3.73989
945,2.59282
946,3.28087
947,4.24014
948,3.35521
949,3.64146
950,3.53889
951,3.39274
952,3.47154
953,4.15671
954,2.30601
955,3.71972
956,3.93817
957,3.32225
958,3.70566
959,3.32741
960,3.56814
961,4.02964
962,3.88366
963,3.34792
964,3.34835
965,3.79729
966,3.45427
967,3.67675
968,3.43216
969,4.43808
970,3.24208
971,4.17564
972,2.76446
973,3.03539
974,2.38175
975,3.87144
976,4.15042
977,2.06142
978,3.96503
979,3.81105
980,3.94163
981,3.80338
982,3.05081
983,3.83503
984,3.44917
985,2.50963
986,3.32969
987,3.9237
988,4.18713
989,3.61613
990,3.44732
991,2.32324
992,3.79029
993,4.59919
994,4.07483
995,2.98411
996,3.91543
997,3.90295
998,2.92427
999,4.40201
1000,3.92762
1001,3.55973
1002,3.5452
1003,3.86504
1004,4.11579
1005,3.95617
1006,3.40536
1007,3.12426
1008,2.45428
1009,2.96757
1010,2.95061
1011,4.3825
1012,3.37566
1013,3.10614
1014,3.86187
1015,4.02598
1016,3.41355
1017,3.61138
1018,4.24078
1019,3.69397
1020,3.48168
1021,3.96009
1022,2.26184
1023,3.31744
1024,2.79326
1025,3.39687
1026,3.09564
1027,4.29567
1028,3.54157
1029,3.64083
1030,3.33313
1031,3.01949
1032,3.65407
1033,3.29351
1034,3.23841
1035,3.6171
1036,3.09561
1037,3.49509
1038,3.06357
1039,3.54746
1040,4.12101
1041,2.99661
1042,2.20338
1043,2.44527
1044,3.06946
1045,3.35693
1046,3.7331
1047,3.74373
1048,4.012
1049,2.99369
1050,4.19937
1051,3.88445
1052,3.60844
1053,4.17462
1054,3.6522
1055,4.04201
1056,3.35418
1057,4.01298
1058,2.57539
1059,4.22788
1060,3.56655
1061,3.57914
1062,3.10641
1063,1.6509
1064,3.76135
1065,3.55815
1066,3.45811
1067,2.22807
1068,3.93829
1069,4.11691
1070,4.01046
1071,4.11655
1072,4.04267
1073,0.151225
1074,2.76841
1075,3.52249
1076,4.27403
1077,3.27878
1078,3.64813
1079,3.40499
1080,3.11074
1081,3.90583
1082,3.84018
1083,3.22394
1084,3.95878
1085,4.02675
1086,3.51691
1087,3.088
1088,3.16099
1089,3.83058
1090,3.11505
1091,2.66736
1092,3.15362
1093,2.89232
1094,3.68796
1095,3.79591
1096,3.70131
1097,4.20928
1098,3.76939
1099,4.01545
1100,3.86564
1101,3.19682
1102,4.04823
1103,3.51888
1104,3.21535
1105,4.39765
1106,3.50916
1107,3.57874
1108,4.01311
1109,3.49665
1110,3.68765
1111,3.25383
1112,3.88247
1113,3.98417
1114,3.0684
1115,3.17961
1116,3.38643
1117,3.73949
1118,3.80542
1119,4.26863
1120,2.78329
1121,3.64303
1122,3.22355
1123,3.27614
1124,3.68087
1125,2.72423
1126,3.84933
1127,2.9285
1128,3.77692
1129,3.88833
1130,3.27254
1131,3.09755
1132,3.52955
1133,3.1409
1134,2.34238
1135,3.04164
1136,2.80309
1137,2.21952
1138,4.1425
1139,4.06764
1140,3.69159
1141,3.43463
1142,3.40267
1143,3.26581
1144,4.14374
1145,3.92917
1146,4.01464
1147,4.10683
1148,2.65502
1149,2.727
1150,3.28886
1151,3.45983
1152,2.95236
1153,3.60887
1154,3.17131
1155,3.701
1156,4.13702
1157,3.45853
1158,4.08752
1159,4.31188
1160,3.89232
1161,3.81515
1162,2.47795
1163,3.61922
1164,3.75798
1165,4.44746
1166,3.75605
1167,3.9326
1168,3.75066
1169,4.08242
1170,4.04366
1171,3.60964
1172,4.43841
1173,3.83742
1174,2.93853
1175,3.90545
1176,4.0913
1177,2.68767
1178,4.04116
1179,4.08297
1180,3.62281
1181,3.83034
1182,4.29831
1183,3.71292
1184,3.65567
1185,4.28401
1186,2.8969
1187,3.00832
1188,2.43929
1189,3.59247
1190,3.99372
1191,3.55626
1192,3.7126
1193,2.70581
1194,3.27639
1195,2.81333
1196,4.18672
1197,4.00942
1198,3.15958
1199,3.64283
1200,3.54185
1201,4.06028
1202,4.16397
1203,3.31013
1204,3.07022
1205,3.48344
1206,4.02975
1207,4.09226
1208,3.60717
1209,2.63464
1210,3.46539
1211,3.6322
1212,3.48738
1213,3.14076
1214,0.997725
1215,3.32255
1216,3.29851
1217,4.56061
1218,4.39429
1219,2.46707
1220,3.63659
1221,3.23346
1222,2.79122
1223,3.01291
1224,3.83507
1225,3.08506
1226,4.15458
1227,4.1197
1228,2.97756
1229,2.29981
1230,3.71803
1231,3.37482
1232,3.88701
1233,3.90377
1234,3.04441
1235,3.64058
1236,2.60706
1237,2.89833
1238,2.95471
1239,3.74386
1240,3.00834
1241,4.52683
1242,3.6657
1243,3.84808
1244,2.80711
1245,3.86746
1246,3.46653
1247,4.37317
1248,3.31579
1249,3.57043
1250,3.65499
1251,3.99124
1252,4.45525
1253,3.67225
1254,3.74334
1255,3.56975
1256,2.73493
1257,2.89199
1258,2.16869
1259,3.30999
1260,3.69157
1261,3.62943
1262,4.00266
1263,2.27129
1264,4.05354
1265,3.13257
1266,2.52231
1267,3.40079
1268,3.33328
1269,3.8691
1270,3.86379
1271,3.81263
1272,3.52705
1273,3.48274
1274,3.17016
1275,4.01805
1276,4.23639
1277,4.18091
1278,3.34171
1279,3.36236
1280,2.99167
1281,4.1195
1282,3.31291
1283,3.26136
1284,3.97139
1285,2.95666
1286,4.07744
1287,3.00485
1288,4.25112
1289,2.77943
1290,1.97237
1291,3.06517
1292,3.62219
1293,3.9686
1294,3.10715
1295,2.45331
1296,3.80764
1297,4.06344
1298,2.6848
1299,4.12023
1300,3.48231
1301,3.64588
1302,4.09763
1303,2.50138
1304,3.19396
1305,3.84375
1306,3.67453
1307,2.53962
1308,2.34051
1309,3.56311
1310,2.91147
1311,3.17958
1312,4.28191
1313,3.88497
1314,3.99952
1315,3.89553
1316,3.10642
1317,3.45529
1318,1.86468
1319,4.00604
1320,3.50457
1321,3.26731
1322,2.91239
1323,2.55864
1324,3.91636
1325,4.02082
1326,3.73692
1327,4.35322
1328,2.99056
1329,4.13902
1330,3.60034
1331,3.60945
1332,3.34018
1333,2.87358
1334,2.90742
1335,3.97838
1336,3.31846
1337,2.90574
1338,3.05893
1339,2.22023
1340,4.17299
1341,3.56927
1342,3.99441
1343,4.08573
1344,3.48125
1345,3.47748
1346,3.64866
1347,3.30669
1348,3.01653
1349,2.53302
1350,3.52022
1351,3.29446
1352,3.2867
1353,3.46719
1354,3.60322
1355,3.77894
1356,3.68167
1357,3.78159
1358,3.3404
1359,2.48291
1360,4.01632
1361,4.37385
1362,3.76763
1363,1.06631
1364,3.13031
1365,4.07714
1366,3.20571
1367,3.51505
1368,2.53985
1369,3.1337
1370,3.50958
1371,3.49547
1372,3.35478
1373,3.9008
1374,3.03061
1375,3.63816
1376,3.90869
1377,3.81694
1378,3.78837
1379,4.30693
1380,2.90623
1381,3.49132
1382,2.7245
1383,3.70698
1384,3.65786
1385,3.74271
1386,3.83573
1387,3.53912
1388,2.19365
1389,3.76377
1390,3.73027
1391,3.25084
1392,3.86236
1393,3.14139
1394,2.86209
1395,3.58309
1396,3.41152
1397,3.04232
1398,3.81984
1399,4.12267
1400,3.67616
1401,3.4427
1402,3.92954
1403,3.97707
1404,4.20088
1405,3.19647
1406,4.21154
1407,3.87808
1408,2.91717
1409,3.99042
1410,4.2528
1411,3.63335
1412,3.87698
1413,3.59797
1414,3.22364
1415,2.80358
1416,3.22087
1417,3.67434
1418,3.51488
1419,3.06163
1420,3.67908
1421,2.62481
1422,3.30244
1423,1.81348
1424,3.54152
1425,2.80908
1426,3.84233
1427,4.30676
1428,3.75072
1429,4.07362
1430,3.26804
1431,2.58287
1432,3.75946
1433,3.9288
1434,3.93017
1435,3.13198
1436,3.12842
1437,2.90121
1438,4.25317
1439,4.06735
1440,1.85468
1441,3.09183
1442,2.72015
1443,3.58094
1444,4.17853
1445,4.30678
1446,3.73402
1447,3.90526
1448,4.2197
1449,3.77337
1450,3.82376
1451,2.38885
1452,3.82491
1453,3.03486
1454,4.18248
1455,3.51454
1456,3.82304
1457,3.97082
1458,3.75191
1459,3.76614
1460,3.33571
1461,3.74436
1462,3.44329
1463,3.6004
1464,4.12669
1465,2.81826
1466,3.68453
1467,2.72271
1468,3.88064
1469,4.11224
1470,3.81568
1471,3.72298
1472,4.12037
1473,3.7605
1474,2.19909
1475,3.61594
1476,2.30336
1477,3.78558
1478,3.98715
1479,3.0989
1480,2.28404
1481,3.10481
1482,2.63953
1483,3.64974
1484,2.76604
1485,3.92526
1486,3.38043
1487,3.98027
1488,4.20103
1489,3.89314
1490,3.47365
1491,2.18672
1492,3.33819
1493,3.22233
1494,2.84526
1495,2.62624
1496,3.785
1497,3.92011
1498,3.96912
1499,3.14476
1500,2.89596
1501,3.35752
1502,3.59363
1503,3.83121
1504,3.8867
1505,4.12193
1506,4.14308
1507,2.26482
1508,4.40107
1509,3.66461
1510,4.27955
1511,3.30759
1512,3.84107
1513,3.72174
1514,3.61937
1515,4.23883
1516,3.61789
1517,3.26672
1518,3.86155
1519,4.055
1520,3.3904
1521,2.94531
1522,3.71221
1523,3.21289
1524,3.98329
1525,3.14259
1526,3.24404
1527,3.42549
1528,4.225
1529,2.78978
1530,3.69814
1531,3.86345
1532,1.73741
1533,3.94483
1534,1.92249
1535,3.00444
1536,2.96241
1537,3.74841
1538,3.92688
1539,3.48401
1540,3.13075
1541,4.02731
1542,4.26653
1543,3.78276
1544,4.13787
1545,2.52767
1546,3.58284
1547,4.10528
1548,3.07549
1549,3.16234
1550,3.7913
1551,4.21472
1552,4.41035
1553,1.43035
1554,1.96076
1555,3.65586
1556,2.33342
1557,4.05318
1558,3.38846
1559,2.48591
1560,3.31858
1561,3.65917
1562,3.06899
1563,3.77759
1564,2.71003
1565,3.1799
1566,3.19791
1567,3.28402
1568,3.61059
1569,2.52799
1570,2.03054
1571,3.94916
1572,3.60839
1573,3.3881
1574,3.23925
1575,4.16597
1576,4.21199
1577,3.90197
1578,3.87307
1579,2.54492
1580,4.19986
1581,3.34252
1582,3.51099
1583,3.013
1584,4.12388
1585,3.9577
1586,3.45756
1587,4.1881
1588,4.27576
1589,2.61321
1590,3.78031
1591,3.48411
1592,3.1764
1593,3.91232
1594,2.63261
1595,3.79706
1596,3.03472
1597,4.24613
1598,3.10016
1599,3.15341
1600,3.0029
1601,2.51177
1602,4.12344
1603,3.09726
1604,3.9844
1605,2.876
1606,4.4329
1607,3.1778
1608,3.57205
1609,3.34202
1610,3.74482
1611,2.89727
1612,3.72811
1613,2.30739
1614,3.64741
1615,4.06175
1616,3.58711
1617,3.25915
1618,4.07926
1619,3.77198
1620,3.20068
1621,3.75285
1622,3.1601
1623,4.07634
1624,3.49273
1625,4.01832
1626,1.20105
1627,2.97393
1628,4.68955
1629,3.26163
1630,3.07486
1631,4.19592
1632,2.69142
1633,3.55191
1634,3.95348
1635,3.15876
1636,3.94088
1637,4.19206
1638,2.40731
1639,2.97841
1640,3.72184
1641,3.65345
1642,2.88712
1643,4.53766
1644,2.8397
1645,3.86196
1646,3.78758
1647,3.63051
1648,3.6653
1649,3.1105
1650,4.58948
1651,3.40761
1652,3.78279
1653,3.15107
1654,2.05249
1655,3.95249
1656,2.78235
1657,3.92312
1658,3.2398
1659,3.93216
1660,3.92158
1661,3.38165
1662,3.67526
1663,3.14158
1664,4.64574
1665,3.72381
1666,3.52881
1667,3.26882
1668,3.78748
1669,2.2505
1670,4.67332
1671,3.54898
1672,3.22556
1673,3.18463
1674,4.13631
1675,4.05364
1676,3.23576
1677,3.65532
1678,3.20322
1679,1.77176
1680,2.50095
1681,3.20421
1682,3.37467
1683,4.06477
1684,3.70248
1685,3.31525
1686,2.51129
1687,2.79607
1688,3.33497
1689,3.76283
1690,2.78616
1691,3.4745
1692,3.55367
1693,2.22205
1694,3.91241
1695,3.38251
1696,2.84086
1697,3.66955
1698,3.2691
1699,3.49495
1700,3.63567
1701,3.35938
1702,3.58583
1703,4.09109
1704,3.02578
1705,4.15119
1706,3.52727
1707,3.32788
1708,3.817
1709,4.10184
1710,3.93636
1711,3.0628
1712,2.35438
1713,4.49587
1714,3.68915
1715,2.85632
1716,3.44044
1717,3.00483
1718,2.6422
1719,4.95178
1720,3.01757
1721,3.68749
1722,2.39746
1723,3.49522
1724,2.93058
1725,2.71987
1726,3.21778
1727,2.91211
1728,2.55855
1729,3.89764
1730,3.62992
1731,2.84123
1732,3.70943
1733,4.20146
1734,3.40845
1735,2.21896
1736,3.66504
1737,3.3161
1738,4.5495
1739,3.62643
1740,3.63876
1741,3.31744
1742,2.54178
1743,4.2694
1744,3.83135
1745,2.96663
1746,3.44789
1747,2.98126
1748,4.0082
1749,3.65741
1750,3.28343
1751,2.95418
1752,2.98979
1753,3.88015
1754,2.61182
1755,4.09741
1756,3.56654
1757,3.3889
1758,3.54563
1759,3.90762
1760,3.30908
1761,3.66387
1762,3.47832
1763,2.66897
1764,3.44822
1765,4.30822
1766,3.00072
1767,3.5
1768,2.74731
1769,3.42211
1770,3.09846
1771,3.44695
1772,3.97987
1773,3.88883
1774,1.0269
1775,1.29124
1776,3.48524
1777,3.01809
1778,3.08261
1779,3.19445
1780,3.62472
1781,3.9795
1782,2.88836
1783,2.99518
1784,3.93489
1785,2.75575
1786,3.87423
1787,4.28685
1788,3.87683
1789,3.67092
1790,3.60778
1791,3.74486
1792,3.22545
1793,4.06178
1794,3.21253
1795,3.41979
1796,3.29078
1797,3.97599
1798,2.7509
1799,2.50735
1800,3.35313
1801,4.09897
1802,2.91678
1803,3.95315
1804,4.16424
1805,3.76023
1806,3.08874
1807,4.18802
1808,3.43768
1809,3.01943
1810,3.63669
1811,3.4344
1812,4.18189
1813,4.14324
1814,3.4711
1815,3.84105
1816,4.46944
1817,4.26808
1818,4.11586
1819,4.10341
1820,3.94559
1821,3.80607
1822,3.81477
1823,4.29179
1824,2.93536
1825,2.31505
1826,3.01651
1827,3.94416
1828,3.60097
1829,3.38148
1830,3.96449
1831,3.09129
1832,2.92529
1833,4.25276
1834,3.9295
1835,3.64955
1836,4.189
1837,2.93703
1838,3.73995
1839,4.36484
1840,3.08647
1841,3.77536
1842,3.22202
1843,3.36803
1844,3.78326
1845,2.98242
1846,2.72211
1847,4.14616
1848,3.85557
1849,2.99616
1850,4.05367
1851,3.87079
1852,3.18245
1853,3.58101
1854,3.61405
1855,4.26835
1856,4.10674
1857,3.0512
1858,3.89967
1859,3.62685
1860,3.03447
1861,3.99182
1862,2.89516
1863,3.59071
1864,1.23924
1865,3.96978
1866,3.72062
1867,3.77509
1868,1.77825
1869,3.4173
1870,3.56999
1871,3.75584
1872,4.18246
1873,4.00547
1874,4.08063
1875,3.55828
1876,3.13545
1877,3.39138
1878,2.76219
1879,2.84696
1880,2.51833
1881,1.87136
1882,3.15412
1883,3.11106
1884,3.39549
1885,3.49866
1886,3.86992
1887,3.3329
1888,3.26637
1889,3.46964
1890,4.02036
1891,3.68151
1892,4.15549
1893,3.40958
1894,3.60164
1895,2.88886
1896,4.591
1897,4.33743
1898,2.79988
1899,3.03089
1900,3.8423
1901,2.83045
1902,3.03581
1903,3.16841
1904,3.47204
1905,3.43542
1906,2.97445
1907,3.46552
1908,3.58583
1909,3.51221
1910,3.90278
1911,2.67823
1912,3.87616
1913,3.85982
1914,2.74333
1915,3.47667
1916,3.30256
1917,3.41893
1918,3.46296
1919,1.8555
1920,4.12436
1921,4.37403
1922,3.38752
1923,4.26496
1924,4.17667
1925,3.71505
1926,3.39352
1927,2.88607
1928,3.0744
1929,2.93469
1930,3.31821
1931,3.20042
1932,3.98223
1933,3.84745
1934,3.9568
1935,2.68918
1936,1.9871
1937,2.98705
1938,2.7683
1939,3.40021
1940,4.39968
1941,3.72127
1942,2.75999
1943,3.56812
1944,3.10251
1945,3.55167
1946,3.61885
1947,2.29486
1948,4.24482
1949,3.58928
1950,3.67628
1951,3.85707
1952,4.05701
1953,3.46506
1954,3.78184
1955,3.28271
1956,2.92869
1957,3.43429
1958,3.83053
1959,2.6975
1960,2.94249
1961,4.05742
1962,3.09983
1963,4.15212
1964,2.44105
1965,3.60671
1966,3.82684
1967,4.0757
1968,4.13368
1969,4.01643
1970,2.96251
1971,3.68346
1972,3.69128
1973,3.79193
1974,2.31495
1975,2.05058
1976,2.47625
1977,3.53607
1978,3.91294
1979,2.98462
1980,4.03904
1981,3.25948
1982,3.85053
1983,4.02551
1984,4.20295
1985,3.62325
1986,3.70096
1987,2.48542
1988,3.70995
1989,2.5936
1990,3.77199
1991,3.61993
1992,3.18167
1993,2.7509
1994,3.10542
1995,1.33736
1996,2.8936
1997,3.40299
1998,2.05961
1999,3.20007
2000,3.99946
2001,3.24977
2002,2.76686
2003,3.37087
2004,4.26412
2005,3.78805
2006,3.77642
2007,4.08907
2008,3.42162
2009,3.85855
2010,2.34457
2011,3.55276
2012,3.97342
2013,2.97415
2014,2.3293
2015,3.10388
2016,3.94848
2017,4.2155
2018,3.74525
2019,3.4579
2020,3.8212
2021,4.47267
2022,3.83798
2023,4.23524
2024,2.06943
2025,3.54942
2026,2.60882
2027,3.86433
2028,4.01316
2029,3.74752
2030,2.07058
2031,3.94312
2032,4.02365
2033,4.33104
2034,3.59803
2035,3.79731
2036,2.7033
2037,3.94354
2038,3.23802
2039,3.20412
2040,2.23541
2041,3.53643
2042,3.45329
2043,3.5425
2044,3.33331
2045,3.27107
2046,4.20708
2047,3.33719
2048,3.77608
2049,2.20862
2050,3.84102
2051,3.56651
2052,3.78184
2053,3.3687
2054,4.24159
2055,3.96668
2056,2.95291
2057,4.05079
2058,3.65355
2059,2.34235
2060,4.19366
2061,2.15403
2062,3.51639
2063,4.03629
2064,3.86709
2065,2.30341
2066,3.65702
2067,3.82265
2068,2.78047
2069,3.91175
2070,4.02478
2071,3.45468
2072,3.48202
2073,3.86413
2074,3.94617
2075,3.95911
2076,3.36534
2077,2.74874
2078,3.61436
2079,2.85916
2080,3.86319
2081,4.22952
2082,2.73768
2083,3.75647
2084,3.67836
2085,3.62979
2086,3.77762
2087,3.38701
2088,4.08804
2089,3.76033
2090,2.7581
2091,3.09422
2092,3.36349
2093,3.39601
2094,3.86489
2095,3.31
2096,2.77116
2097,3.46519
2098,3.74196
2099,3.11653
2100,3.54429
2101,3.32561
2102,4.04075
2103,3.74709
2104,2.89768
2105,3.57186
2106,1.87245
2107,3.9871
2108,2.9007
2109,3.97295
2110,3.43121
2111,3.60153
2112,3.2781
2113,4.08328
2114,4.29222
2115,3.68969
2116,3.75094
2117,3.76275
2118,3.60982
2119,2.7519
2120,3.61956
2121,2.6693
2122,3.09223
2123,3.34424
2124,3.66529
2125,3.95732
2126,3.55933
2127,3.29579
2128,3.54866
2129,1.1783
2130,2.71762
2131,3.32707
2132,4.58301
2133,2.78848
2134,3.46853
2135,2.82851
2136,2.99749
2137,2.698
2138,4.19991
2139,3.17375
2140,3.71754
2141,3.21049
2142,3.52685
2143,2.37283
2144,3.48964
2145,3.59097
2146,3.72406
2147,4.16042
2148,3.53729
2149,3.00613
2150,4.37785
2151,3.64019
2152,3.55947
2153,2.10309
2154,2.94172
2155,3.97985
2156,3.63843
2157,3.52658
2158,3.1336
2159,4.08441
2160,2.91964
2161,3.93974
2162,3.86341
2163,3.15067
2164,3.82571
2165,3.52286
2166,3.5725
2167,3.55798
2168,3.60708
2169,4.42247
2170,3.12675
2171,3.45041
2172,4.03253
2173,3.01826
2174,2.54623
2175,3.89992
2176,3.34885
2177,3.57081
2178,3.36841
2179,3.56502
2180,3.28944
2181,4.06752
2182,3.46217
2183,1.79851
2184,4.17676
2185,3.20617
2186,3.47027
2187,3.73509
2188,2.90669
2189,4.06611
2190,3.21708
2191,4.03285
2192,3.25028
2193,3.59404
2194,3.61074
2195,3.68721
2196,3.74322
2197,2.65811
2198,3.64341
2199,4.19456
2200,2.86372
2201,2.23992
2202,4.16663
2203,3.77721
2204,4.5954
2205,3.81857
2206,4.1822
2207,3.29407
2208,3.8781
2209,3.5233
2210,3.982
2211,3.86263
2212,3.52061
2213,4.03182
2214,4.22024
2215,3.7174
2216,3.88954
2217,2.64181
2218,3.37051
2219,3.83263
2220,3.92266
2221,3.12948
2222,3.65997
2223,3.43429
2224,4.40095
2225,4.35799
2226,3.52944
2227,4.31847
2228,3.30302
2229,3.38089
2230,3.73659
2231,2.40993
2232,3.05315
2233,4.06438
2234,4.20523
2235,2.47854
2236,3.70422
2237,3.58869
2238,4.11597
2239,3.87089
2240,3.86723
2241,3.88654
2242,3.2768
2243,3.8362
2244,3.11465
2245,3.92587
2246,3.44091
2247,4.65403
2248,4.23528
2249,4.21023
2250,3.8635
2251,2.87742
2252,3.61866
2253,3.70533
2254,4.67277
2255,3.24496
2256,3.47033
2257,3.43195
2258,3.63938
2259,3.21645
2260,4.10583
2261,3.82121
2262,3.24025
2263,3.9589
2264,3.03966
2265,3.03988
2266,3.90342
2267,3.6124
2268,3.38656
2269,3.57726
2270,4.21695
2271,3.8597
2272,3.76562
2273,3.67111
2274,3.49794
2275,4.19615
2276,2.98811
2277,4.0645
2278,3.83671
2279,3.43393
2280,2.84995
2281,3.36046
2282,3.79652
2283,2.1008
2284,3.5773
2285,4.13925
2286,3.57467
2287,3.63398
2288,2.64042
2289,3.93988
2290,3.19977
2291,3.80299
2292,3.74613
2293,3.62722
2294,4.03478
2295,3.10393
2296,3.45274
2297,2.94171
2298,3.87232
2299,3.74169
2300,4.17039
2301,3.33524
2302,3.72051
2303,3.6771
2304,3.32696
2305,3.81334
2306,4.09898
2307,3.80572
2308,4.50588
2309,3.12791
2310,4.04357
2311,3.92638
2312,4.0028
2313,4.13607
2314,3.06631
2315,3.51279
2316,1.79525
2317,3.37702
2318,3.52179
2319,3.67702
2320,3.68749
2321,4.10483
2322,2.91298
2323,3.01475
2324,1.93101
2325,3.04187
2326,2.81864
2327,3.75269
2328,3.21461
2329,3.2642
2330,3.76552
2331,3.32024
2332,2.49743
2333,4.12417
2334,3.65838
2335,4.33901
2336,4.18973
2337,4.11953
2338,4.05735
2339,3.60816
2340,4.26801
2341,3.55448
2342,3.21412
2343,3.81702
2344,3.61918
2345,3.90946
2346,4.09217
2347,3.30276
2348,3.64633
2349,3.31607
2350,3.31673
2351,3.85087
2352,1.27988
2353,4.20157
2354,3.48882
2355,2.8208
2356,3.2024
2357,2.93308
2358,3.67449
2359,4.31394
2360,3.67335
2361,2.63036
2362,2.05801
2363,3.62589
2364,3.47035
2365,4.17875
2366,3.08898
2367,4.43686
2368,3.94368
2369,3.25379
2370,2.96463
2371,3.01035
2372,4.06289
2373,3.15543
2374,3.71417
2375,4.46412
2376,3.74153
2377,3.28383
2378,3.3529
2379,3.45277
2380,2.29949
2381,3.13581
2382,3.44256
2383,4.27087
2384,4.05047
2385,3.97296
2386,2.60416
2387,1.98072
2388,4.16522
2389,1.41761
2390,2.74505
2391,3.81995
2392,3.60394
2393,3.15755
2394,3.80054
2395,3.953
2396,3.39611
2397,2.67761
2398,3.21399
2399,3.64736
2400,2.19211
2401,3.53867
2402,3.42697
2403,3.41923
2404,2.47023
2405,2.80673
2406,2.50564
2407,3.40571
2408,2.65543
2409,3.20868
2410,4.20181
2411,3.12341
2412,3.42396
2413,4.32394
2414,3.95199
2415,3.13722
2416,3.73476
2417,3.83278
2418,3.11547
2419,3.44232
2420,4.38479
2421,3.17074
2422,3.82681
2423,3.82451
2424,3.60055
2425,2.44878
2426,3.93385
2427,3.12355
2428,3.35903
2429,3.57632
2430,3.4427
2431,1.29758
2432,3.49116
2433,3.40129
2434,3.07246
2435,3.27589
2436,3.54834
2437,4.23601
2438,3.88447
2439,2.87811
2440,3.16171
2441,3.89631
2442,3.07593
2443,4.12552
2444,4.14044
2445,3.65623
2446,4.11317
2447,3.70326
2448,3.66317
2449,3.83029
2450,2.42358
2451,4.28215
2452,3.85222
2453,3.46356
2454,3.91207
2455,3.67655
2456,3.77799
2457,2.33704
2458,3.99823
2459,4.07694
2460,4.10862
2461,3.66464
2462,4.45127
2463,3.2443
2464,3.22762
2465,3.1566
2466,4.36508
2467,3.37427
2468,4.0374
2469,2.73839
2470,3.42343
2471,2.23146
2472,3.73757
2473,3.87291
2474,3.31084
2475,4.18596
2476,3.46735
2477,4.12585
2478,3.49143
2479,3.82558
2480,4.47981
2481,2.87591
2482,3.71956
2483,3.32663
2484,3.19229
2485,3.12323
2486,2.88956
2487,4.01384
2488,4.09401
2489,4.15358
2490,3.83655
2491,3.24459
2492,4.0379
2493,4.01911
2494,3.90573
2495,3.86648
2496,2.97333
2497,4.19603
2498,3.57016
2499,2.56465
2500,1.88151
2501,2.88356
2502,3.96155
2503,3.61165
2504,3.61409
2505,4.92091
2506,2.89324
2507,4.49276
2508,3.6187
2509,2.79544
2510,3.70272
2511,4.42142
2512,2.84595
2513,3.28733
2514,2.31388
2515,3.22261
2516,3.71059
2517,4.36395
2518,3.84256
2519,3.74882
2520,3.74457
2521,4.50044
2522,2.1183
2523,3.21143
2524,3.37038
2525,3.572
2526,2.5285
2527,3.25701
2528,3.20677
2529,4.01667
2530,3.13109
2531,3.29452
2532,3.40982
2533,4.02192
2534,3.7893
2535,3.9938
2536,3.67272
2537,3.61224
2538,2.94223
2539,3.64903
2540,2.22086
2541,3.49025
2542,3.59341
2543,3.89407
2544,2.49107
2545,3.74863
2546,3.8304
2547,3.55118
2548,3.34143
2549,2.57182
2550,3.90094
2551,3.58603
2552,3.39767
2553,2.88959
2554,2.94063
2555,3.08456
2556,3.93656
2557,3.50059
2558,4.31264
2559,1.9758
2560,3.13509
2561,3.11687
2562,2.49398
2563,3.77964
2564,3.92402
2565,3.43517
2566,3.59824
2567,3.7199
2568,2.81174
2569,3.4032
2570,3.67967
2571,4.10917
2572,2.91519
2573,3.84206
2574,4.25044
2575,2.65126
2576,3.04277
2577,3.26214
2578,3.33765
2579,2.63978
2580,3.71556
2581,4.05711
2582,4.00279
2583,3.11577
2584,3.72028
2585,3.96024
2586,3.05646
2587,3.21425
2588,4.11116
2589,3.4203
2590,3.51624
2591,3.16979
2592,4.22174
2593,3.73028
2594,3.82891
2595,4.0713
2596,3.25416
2597,4.00963
2598,1.80531
2599,4.39363
2600,4.08882
2601,3.77112
2602,3.40847
2603,3.47395
2604,3.24714
2605,3.03486
2606,3.67436
2607,3.85134
2608,2.40108
2609,4.23217
2610,3.63222
2611,3.50426
2612,3.19253
2613,2.2388
2614,3.27168
2615,2.6885
2616,3.10642
2617,3.58003
2618,3.30284
2619,3.4471
2620,3.72924
2621,3.28779
2622,3.17274
2623,3.5307
2624,3.29945
2625,2.33081
2626,2.70489
2627,3.33439
2628,3.50753
2629,3.49624
2630,3.90672
2631,3.72758
2632,3.58537
2633,3.48389
2634,3.73295
2635,3.18299
2636,3.52679
2637,3.49898
2638,3.45401
2639,2.389
2640,4.10912
2641,3.41576
2642,4.01067
2643,3.76714
2644,2.46615
2645,4.2243
2646,2.95909
2647,1.62443
2648,2.77329
2649,4.10522
2650,3.8385
2651,3.85421
2652,4.22867
2653,2.40662
2654,3.81943
2655,3.6265
2656,3.118
2657,2.26215
2658,3.49136
2659,3.00766
2660,4.03581
2661,2.69505
2662,3.93098
2663,3.14552
2664,3.22333
2665,3.99537
2666,3.57069
2667,3.41481
2668,3.99973
2669,3.23117
2670,3.32246
2671,3.32502
2672,2.6742
2673,3.09062
2674,3.11716
2675,2.17187
2676,3.40752
2677,3.04362
2678,3.75814
2679,2.8614
2680,3.2718
2681,4.00569
2682,2.30214
2683,3.29424
2684,3.78535
2685,3.75337
2686,3.27738
2687,3.11516
2688,2.6373
2689,4.01593
2690,2.69634
2691,3.60712
2692,3.48692
2693,3.76329
2694,2.4407
2695,2.70878
2696,3.80222
2697,3.63442
2698,3.26272
2699,2.29012
2700,3.44718
2701,1.85681
2702,2.69885
2703,3.35966
2704,2.34683
2705,2.65005
2706,4.16342
2707,4.04701
2708,3.74451
2709,3.32005
2710,3.55083
2711,3.57671
2712,3.18319
2713,3.96823
2714,3.25755
2715,4.14972
2716,2.76585
2717,2.70876
2718,3.93665
2719,4.59935
2720,3.32137
2721,3.62472
2722,3.95562
2723,3.01265
2724,3.21707
2725,3.83781
2726,4.28843
2727,3.72344
2728,2.39675
2729,3.11142
2730,2.99319
2731,3.74287
2732,2.81659
2733,3.29984
2734,3.92753
2735,4.06314
2736,3.20875
2737,2.71123
2738,3.37781
2739,3.82179
2740,3.25356
2741,2.45848
2742,3.44497
2743,3.66844
2744,3.66739
2745,3.09328
2746,4.48528
2747,3.568
2748,2.84764
2749,2.91285
2750,2.32449
2751,3.57315
2752,3.51951
2753,4.34609
2754,4.02681
2755,3.5053
2756,4.12728
2757,4.18831
2758,3.4588
2759,3.44992
2760,3.43216
2761,3.30354
2762,3.09245
2763,3.66219
2764,3.64233
2765,2.44091
2766,3.82155
2767,4.26138
2768,3.64094
2769,3.36856
2770,2.64786
2771,4.08152
2772,3.99211
2773,3.20058
2774,4.03112
2775,3.13561
2776,3.21504
2777,4.03607
2778,4.35969
2779,3.818
2780,3.99206
2781,3.62347
2782,2.80971
2783,3.68481
2784,2.33617
2785,3.61153
2786,3.58397
2787,2.99962
2788,3.724
2789,2.98451
2790,3.56861
2791,3.58227
2792,4.38013
2793,3.33272
2794,3.538
2795,3.56
2796,3.45736
2797,4.26499
2798,2.70222
2799,2.91151
2800,3.6615
2801,3.73
2802,3.33003
2803,4.18744
2804,3.07291
2805,4.03286
2806,2.61729
2807,3.51657
2808,3.12658
2809,3.1737
2810,3.63694
2811,3.45259
2812,3.48772
2813,3.80781
2814,2.22518
2815,3.33095
2816,3.5389
2817,3.52201
2818,3.83447
2819,3.42644
2820,3.7275
2821,3.05632
2822,3.32055
2823,1.71555
2824,3.25298
2825,3.97632
2826,3.56037
2827,3.21076
2828,3.72074
2829,3.46939
2830,3.81268
2831,3.89834
2832,3.00638
2833,3.29607
2834,3.66393
2835,3.85901
2836,3.83748
2837,3.21957
2838,3.58516
2839,2.25337
2840,1.93601
2841,3.65015
2842,3.64876
2843,3.8643
2844,4.30308
2845,4.21287
2846,3.9761
2847,3.8581
2848,3.58037
2849,3.58933
2850,3.79948
2851,4.08961
2852,4.23235
2853,3.91614
2854,4.20803
2855,3.86591
2856,2.8634
2857,3.90466
2858,4.14523
2859,4.02866
2860,3.36859
2861,3.21971
2862,3.56137
2863,2.97826
2864,3.70431
2865,4.08138
2866,3.75976
2867,3.15904
2868,3.49635
2869,3.7151
2870,2.84642
2871,3.78823
2872,3.32927
2873,3.47428
2874,3.89963
2875,4.17419
2876,2.40735
2877,3.16515
2878,3.24818
2879,3.705
2880,2.83235
2881,2.10616
2882,3.75949
2883,3.47598
2884,3.84849
2885,3.53607
2886,3.38051
2887,1.19981
2888,2.37321
2889,3.40671
2890,2.91615
2891,3.87247
2892,4.19432
2893,3.84582
2894,3.88386
2895,3.50988
2896,3.75397
2897,3.61524
2898,3.22474
2899,4.13757
2900,3.56621
2901,2.80967
2902,3.8048
2903,3.92049
2904,3.63543
2905,2.86669
2906,4.11389
2907,3.60794
2908,3.91409
2909,3.44618
2910,4.26413
2911,2.77041
2912,3.85335
2913,3.64187
2914,3.22276
2915,3.29301
2916,3.32772
2917,3.12643
2918,3.54433
2919,4.10989
2920,3.64113
2921,3.56277
2922,3.45334
2923,3.22746
2924,3.32446
2925,3.12134
2926,3.72866
2927,4.37526
2928,4.29356
2929,3.60881
2930,4.39143
2931,3.31824
2932,2.6202
2933,2.08776
2934,3.54655
2935,3.85714
2936,3.31006
2937,3.42484
2938,4.28678
2939,3.23794
2940,3.78652
2941,4.28561
2942,2.93079
2943,3.64097
2944,3.45932
2945,3.77737
2946,4.1139
2947,3.69103
2948,3.7511
2949,3.40663
2950,3.17135
2951,2.00851
2952,4.27329
2953,4.37705
2954,3.31001
2955,3.23821
2956,2.71207
2957,3.41198
2958,3.87826
2959,2.44946
2960,3.16271
2961,3.57237
2962,3.72315
2963,1.92194
2964,2.75666
2965,3.45572
2966,1.90336
2967,3.88769
2968,4.16798
2969,4.12286
2970,3.77501
2971,3.62378
2972,2.52799
2973,2.98525
2974,2.55557
2975,3.62779
2976,3.36014
2977,4.24282
2978,3.52018
2979,3.60049
2980,3.11409
2981,2.29212
2982,3.83086
2983,3.46557
2984,4.1577
2985,4.26841
2986,3.50551
2987,3.29819
2988,2.75887
2989,4.18951
2990,3.43176
2991,4.05044
2992,4.38239
2993,3.85122
2994,4.19743
2995,3.76204
2996,3.37593
2997,3.8619
2998,4.26007
2999,4.64505
3000,2.65484
3001,3.51021
3002,3.57835
3003,3.90132
3004,3.21938
3005,3.19069
3006,3.50358
3007,2.20258
3008,2.73766
3009,3.63298
3010,3.64085
3011,1.79158
3012,3.41909
3013,4.34287
3014,2.20668
3015,3.786
3016,4.07754
3017,3.54563
3018,2.30511
3019,3.38984
3020,3.683
3021,3.08408
3022,3.90366
3023,4.05005
3024,3.64066
3025,4.55895
3026,2.01068
3027,3.46369
3028,4.11452
3029,3.02578
3030,3.77759
3031,3.221
3032,0.23142
3033,3.5706
3034,3.99772
3035,4.15071
3036,3.65929
3037,3.98708
3038,3.85395
3039,2.7501
3040,3.16286
3041,1.56859
3042,3.05184
3043,1.88934
3044,3.74943
3045,4.36256
3046,3.10259
3047,4.15014
3048,2.51672
3049,3.19385
3050,4.34916
3051,3.56145
3052,3.36291
3053,3.83945
3054,3.99013
3055,3.82018
3056,3.90369
3057,4.24049
3058,2.03493
3059,3.23549
3060,4.02727
3061,3.36577
3062,2.84919
3063,3.19806
3064,3.32125
3065,3.0548
3066,3.85276
3067,4.10404
3068,3.96611
3069,3.10732
3070,4.31116
3071,3.09994
3072,3.12929
3073,3.17599
3074,3.6129
3075,4.59339
3076,3.99372
3077,4.00078
3078,3.31063
3079,1.26342
3080,2.57372
3081,3.73551
3082,3.79974
3083,3.06961
3084,3.56632
3085,3.21118
3086,3.00275
3087,1.81256
3088,2.66538
3089,3.92401
3090,4.14991
3091,3.26483
3092,3.16749
3093,3.63998
3094,4.1564
3095,3.27232
3096,3.97401
3097,4.02523
3098,3.74041
3099,4.4976
3100,4.2746
3101,3.4817
3102,1.4269
3103,3.8546
3104,3.84701
3105,3.81227
3106,4.65412
3107,3.5066
3108,0.612586
3109,3.79027
3110,3.74443
3111,3.61782
3112,3.27604
3113,3.45321
3114,3.55421
3115,3.16104
3116,3.59003
3117,4.2914
3118,3.92393
3119,3.51717
3120,3.8975
3121,2.86026
3122,2.15368
3123,2.98994
3124,2.97713
3125,3.90732
3126,3.86042
3127,3.56968
3128,3.38265
3129,1.94593
3130,3.34748
3131,3.73467
3132,4.14668
3133,3.888
3134,3.04546
3135,3.37408
3136,3.78545
3137,3.85019
3138,4.1167
3139,3.44067
3140,3.85737
3141,3.89689
3142,3.55134
3143,3.14865
3144,3.66356
3145,3.10053
3146,3.43536
3147,3.61181
3148,3.62763
3149,4.20069
3150,1.61183
3151,3.26806
3152,3.59472
3153,3.54262
3154,4.01882
3155,3.49933
3156,3.37898
3157,3.94389
3158,2.91097
3159,3.23495
3160,4.33709
3161,3.51726
3162,3.42764
3163,3.01632
3164,3.6176
3165,3.23381
3166,3.13915
3167,3.51994
3168,3.41024
3169,2.93283
3170,3.5941
3171,3.29347
3172,3.75927
3173,2.99231
3174,3.54921
3175,3.45261
3176,3.54515
3177,2.55879
3178,3.24551
3179,2.97327
3180,3.46933
3181,3.15416
3182,3.42414
3183,3.23737
3184,3.64636
3185,3.54531
3186,4.99997
3187,3.42613
3188,2.49323
3189,3.65532
3190,4.43942
3191,3.61248
3192,4.4325
3193,3.70753
3194,2.93668
3195,4.10432
3196,3.18633
3197,2.81218
3198,3.82874
3199,3.60748
3200,2.95978
3201,3.10519
3202,4.50095
3203,3.99428
3204,2.98686
3205,2.94299
3206,3.72869
3207,4.01726
3208,2.47367
3209,4.62072
3210,2.80697
3211,4.00642
3212,3.6798
3213,3.8912
3214,3.48338
3215,3.68537
3216,2.65546
3217,3.34219
3218,3.37409
3219,3.87442
3220,3.65494
3221,4.06474
3222,3.5229
3223,2.20927
3224,2.73768
3225,2.40754
3226,3.52317
3227,3.45574
3228,3.13024
3229,3.26121
3230,4.16519
3231,2.89834
3232,3.186
3233,3.74775
3234,3.58558
3235,3.63804
3236,3.78508
3237,2.99934
3238,3.95197
3239,3.39231
3240,2.61736
3241,3.7543
3242,3.44075
3243,3.00524
3244,4.13778
3245,2.12054
3246,3.19979
3247,4.088
3248,4.15999
3249,2.9737
3250,4.03075
3251,3.42002
3252,3.72195
3253,3.30268
3254,2.70105
3255,3.32666
3256,2.02428
3257,2.66328
3258,3.08378
3259,3.9786
3260,4.00008
3261,2.76478
3262,3.83788
3263,3.52793
3264,2.52072
3265,3.76905
3266,3.5807
3267,4.19202
3268,2.88511
3269,3.66566
3270,3.45196
3271,4.10364
3272,2.83415
3273,3.40112
3274,3.86763
3275,4.55273
3276,3.90445
3277,2.83431
3278,3.23526
3279,2.88779
3280,3.59299
3281,3.55296
3282,3.52555
3283,2.14517
3284,3.86879
3285,3.12233
3286,4.07635
3287,4.00468
3288,2.79847
3289,4.13397
3290,3.5596
3291,2.751
3292,3.62886
3293,2.52848
3294,4.13124
3295,4.10086
3296,4.2861
3297,3.09328
3298,4.18189
3299,3.78031
3300,3.42968
3301,3.21684
3302,3.60458
3303,4.68784
3304,4.18414
3305,4.00257
3306,1.48232
3307,3.84213
3308,2.46515
3309,3.37719
3310,3.78461
3311,3.55355
3312,3.70178
3313,3.91715
3314,4.26642
3315,3.96369
3316,4.17625
3317,3.53083
3318,3.39815
3319,3.56824
3320,3.04429
3321,3.21639
3322,2.18961
3323,3.79778
3324,4.01611
3325,3.49358
3326,3.73376
3327,2.50011
3328,4.24532
3329,2.88951
3330,3.53347
3331,3.2412
3332,3.4939
3333,2.76995
3334,4.12603
3335,3.42413
3336,2.01001
3337,1.63775
3338,3.19484
3339,3.048
3340,1.58156
3341,3.81706
3342,4.12057
3343,3.03644
3344,1.90943
3345,3.56648
3346,2.66927
3347,3.60847
3348,3.2321
3349,3.55692
3350,3.52273
3351,3.65588
3352,3.46092
3353,3.65468
3354,2.02873
3355,2.77725
3356,4.32868
3357,3.46697
3358,4.09825
3359,3.09949
3360,3.14683
3361,2.2622
3362,3.72616
3363,3.56633
3364,4.67889
3365,4.19332
3366,3.41477
3367,2.88421
3368,2.26087
3369,3.34144
3370,3.27683
3371,3.53788
3372,3.95855
3373,4.10202
3374,4.59413
3375,2.74181
3376,3.74649
3377,3.54585
3378,3.42496
3379,3.68297
3380,3.17549
3381,3.29189
3382,3.85293
3383,3.9263
3384,3.74402
3385,3.90772
3386,3.09777
3387,4.54451
3388,4.3818
3389,2.4624
3390,3.11132
3391,1.68234
3392,3.17403
3393,4.21014
3394,4.03578
3395,2.89933
3396,3.07306
3397,3.06062
3398,2.82239
3399,4.06001
3400,4.32603
3401,4.22861
3402,3.04178
3403,3.15533
3404,4.07613
3405,3.62043
3406,4.01224
3407,3.9292
3408,3.04899
3409,3.8745
3410,3.82847
3411,4.1944
3412,3.3037
3413,3.12101
3414,3.27945
3415,3.19397
3416,3.51878
3417,2.95049
3418,2.9444
3419,2.96276
3420,3.11439
3421,3.04553
3422,4.2295
3423,2.29821
3424,3.522
3425,3.24523
3426,2.35042
3427,3.69625
3428,2.85858
3429,2.89381
3430,3.71417
3431,3.83992
3432,3.73884
3433,3.70921
3434,4.12381
3435,3.33618
3436,3.61137
3437,4.31923
3438,3.94077
3439,4.10428
3440,4.01446
3441,2.96813
3442,3.35694
3443,3.85897
3444,4.07365
3445,3.94658
3446,3.90184
3447,3.77562
3448,3.58949
3449,4.20329
3450,3.24071
3451,3.45802
3452,1.61563
3453,3.53153
3454,4.38033
3455,2.75
3456,2.92632
3457,4.69649
3458,3.44778
3459,3.69503
3460,3.62292
3461,3.33302
3462,3.25931
3463,3.57074
3464,3.10197
3465,4.3152
3466,3.8679
3467,4.59329
3468,3.97839
3469,3.63689
3470,4.17708
3471,3.96024
3472,3.08595
3473,3.68843
3474,2.20962
3475,3.95378
3476,1.65114
3477,3.87869
3478,3.83156
3479,3.28503
3480,1.98145
3481,2.82538
3482,4.19805
3483,3.44966
3484,3.93228
3485,3.65558
3486,3.50591
3487,4.26011
3488,2.9177
3489,3.36918
3490,4.24862
3491,3.36254
3492,3.92109
3493,3.39643
3494,4.04158
3495,3.72008
3496,4.33391
3497,4.12784
3498,3.84655
3499,3.54399
3500,4.08116
3501,3.55842
3502,2.80063
3503,2.18516
3504,3.62526
3505,3.45966
3506,3.69842
3507,3.60989
3508,3.82764
3509,4.15778
3510,3.58202
3511,3.2262
3512,3.21713
3513,4.50795
3514,2.79836
3515,3.67965
3516,3.9761
3517,3.48112
3518,2.94753
3519,3.21282
3520,4.16084
3521,2.24105
3522,3.80259
3523,3.65455
3524,4.64618
3525,3.44514
3526,4.0492
3527,3.71523
3528,3.87629
3529,4.01969
3530,3.26981
3531,3.93915
3532,1.35072
3533,2.30584
3534,2.36284
3535,3.127
3536,3.6674
3537,3.36283
3538,4.14791
3539,3.16492
3540,3.65713
3541,3.29411
3542,3.49513
3543,3.115
3544,3.99518
3545,3.7868
3546,2.25231
3547,4.09899
3548,3.45427
3549,3.02757
3550,2.12922
3551,2.2268
3552,3.63147
3553,4.06131
3554,3.57792
3555,4.15567
3556,3.56193
3557,2.55302
3558,3.9857
3559,2.84318
3560,2.65109
3561,3.55446
3562,3.68899
3563,3.15365
3564,3.44487
3565,2.99735
3566,2.32522
3567,3.65887
3568,3.67623
3569,3.85491
3570,3.38769
3571,3.97889
3572,3.69156
3573,1.94614
3574,4.03182
3575,3.21844
3576,3.5702
3577,3.17196
3578,3.00149
3579,3.39678
3580,1.35818
3581,4.59472
3582,4.51029
3583,2.9613
3584,3.12375
3585,3.42374
3586,3.15755
3587,3.01702
3588,3.3544
3589,4.36442
3590,3.66551
3591,3.77048
3592,3.52772
3593,3.19437
3594,2.89187
3595,3.26089
3596,3.46543
3597,4.5422
3598,3.02632
3599,3.68374
3600,4.1142
3601,3.72712
3602,3.0765
3603,4.46392
3604,3.29775
3605,3.23699
3606,3.97823
3607,3.79275
3608,3.44966
3609,3.3314
3610,2.53977
3611,3.01077
3612,3.56711
3613,4.19167
3614,4.2096
3615,3.96964
3616,3.56186
3617,4.18329
3618,3.59194
3619,4.15529
3620,2.08068
3621,3.41904
3622,3.80715
3623,2.52985
3624,3.77841
3625,3.75472
3626,3.60847
3627,2.46866
3628,2.83027
3629,2.295
3630,3.77562
3631,3.25595
3632,3.82726
3633,3.09239
3634,1.24725
3635,2.28714
3636,2.09816
3637,3.73699
3638,3.60207
3639,3.84102
3640,2.69084
3641,2.81203
3642,3.68313
3643,3.57947
3644,3.32849
3645,2.96185
3646,4.28294
3647,3.84344
3648,3.19593
3649,2.92297
3650,3.38603
3651,3.32914
3652,3.52995
3653,3.78151
3654,3.68892
3655,3.795
3656,2.88191
3657,3.5352
3658,3.73787
3659,1.71135
3660,4.62433
3661,3.83903
3662,3.98052
3663,3.16438
3664,3.10741
3665,2.58737
3666,3.76057
3667,3.29896
3668,3.64617
3669,2.75873
3670,2.9797
3671,3.22744
3672,3.41094
3673,4.40787
3674,1.77236
3675,3.62686
3676,3.31339
3677,4.28021
3678,2.9106
3679,2.92254
3680,4.4152
3681,2.76
3682,3.33821
3683,2.48082
3684,3.52673
3685,3.89281
3686,2.73481
3687,4.42766
3688,4.29416
3689,2.95779
3690,2.44287
3691,4.09285
3692,3.91942
3693,4.01712
3694,2.93659
3695,3.99884
3696,3.45216
3697,3.88602
3698,3.14964
3699,3.7607
3700,3.58416
3701,4.68727
3702,3.78943
3703,3.60524
3704,3.19945
3705,4.32799
3706,2.98139
3707,3.22861
3708,4.11367
3709,3.22312
3710,2.46263
3711,3.76307
3712,2.93876
3713,3.76656
3714,3.36617
3715,3.27387
3716,3.43896
3717,3.80996
3718,3.56282
3719,3.77425
3720,3.4116
3721,2.84089
3722,2.65769
3723,2.92259
3724,4.15162
3725,2.92062
3726,2.83229
3727,3.3904
3728,3.51565
3729,2.69975
3730,4.09936
3731,4.14439
3732,3.87587
3733,2.96127
3734,3.57738
3735,3.34679
3736,3.57652
3737,2.47371
3738,3.43411
3739,4.02051
3740,3.81534
3741,1.54476
3742,3.32769
3743,3.26184
3744,3.59745
3745,3.41961
3746,3.2983
3747,3.87406
3748,3.92654
3749,2.69811
3750,4.00591
3751,3.94741
3752,2.91729
3753,3.5936
3754,3.42137
3755,2.61921
3756,3.18715
3757,1.72023
3758,4.35478
3759,2.9416
3760,3.84285
3761,2.6249
3762,4.18293
3763,3.99022
3764,3.38812
3765,2.52186
3766,2.68707
3767,4.10765
3768,2.82586
3769,3.71612
3770,1.66686
3771,3.54239
3772,3.37321
3773,3.23621
3774,4.07112
3775,3.04891
3776,2.40911
3777,2.84907
3778,4.13044
3779,3.76457
3780,3.71493
3781,3.49907
3782,3.47004
3783,3.7019
3784,3.85864
3785,3.03432
3786,4.00508
3787,3.74141
3788,3.22436
3789,3.24852
3790,4.06007
3791,4.32893
3792,3.04242
3793,4.1991
3794,3.7415
3795,3.18359
3796,4.01848
3797,4.25828
3798,3.86232
3799,3.00206
3800,3.68263
3801,2.39583
3802,3.34318
3803,4.19911
3804,2.84346
3805,3.47184
3806,3.32375
3807,3.51303
3808,2.94679
3809,3.18632
3810,4.16602
3811,4.30288
3812,3.68907
3813,3.41073
3814,2.52719
3815,2.69505
3816,3.30456
3817,1.67338
3818,3.87482
3819,4.07696
3820,3.46963
3821,3.59902
3822,3.90613
3823,2.84808
3824,3.48243
3825,3.56551
3826,2.73265
3827,3.63178
3828,3.04315
3829,3.34417
3830,3.24536
3831,2.98297
3832,3.20397
3833,3.35645
3834,3.64925
3835,2.60398
3836,4.31723
3837,2.60878
3838,4.02642
3839,4.21427
3840,2.7689
3841,3.21121
3842,3.50899
3843,2.19601
3844,4.17049
3845,2.83252
3846,3.63969
3847,3.09969
3848,3.03914
3849,2.93378
3850,3.97441
3851,3.43248
3852,3.20816
3853,3.80693
3854,4.07712
3855,4.50902
3856,3.75148
3857,2.91706
3858,3.98726
3859,3.76788
3860,3.12172
3861,3.28172
3862,1.7712
3863,3.25177
3864,3.80372
3865,3.48509
3866,4.11658
3867,3.65052
3868,3.8828
3869,2.85521
3870,3.84579
3871,3.54578
3872,2.68131
3873,3.80838
3874,3.50512
3875,2.6885
3876,3.87858
3877,2.87928
3878,3.5406
3879,3.28477
3880,2.61291
3881,2.39698
3882,3.26974
3883,3.08319
3884,3.18612
3885,2.78644
3886,4.14234
3887,3.5
3888,3.47491
3889,3.939
3890,4.29659
3891,3.36984
3892,3.91478
3893,2.36757
3894,4.08682
3895,2.56067
3896,4.22804
3897,4.17258
3898,3.48777
3899,3.34732
3900,3.45712
3901,3.61561
3902,3.03721
3903,3.33064
3904,3.60065
3905,3.68789
3906,3.35276
3907,3.77068
3908,3.23883
3909,2.41268
3910,3.88478
3911,3.88024
3912,3.49325
3913,3.86966
3914,2.43762
3915,3.28941
3916,2.65537
3917,4.34383
3918,3.61097
3919,3.02501
3920,3.82166
3921,4.09145
3922,3.80609
3923,2.85841
3924,3.30124
3925,3.60083
3926,3.17388
3927,4.16261
3928,4.44222
3929,3.88936
3930,3.41734
3931,3.03905
3932,4.30692
3933,3.69173
3934,3.7431
3935,3.25335
3936,3.2121
3937,3.75942
3938,3.10172
3939,3.69887
3940,3.80462
3941,2.91497
3942,2.80258
3943,3.78991
3944,2.12971
3945,3.90085
3946,4.03474
3947,3.6807
3948,3.9315
3949,3.22077
3950,2.88035
3951,2.20376
3952,3.85138
3953,3.16173
3954,2.4778
3955,3.28039
3956,3.21354
3957,3.2364
3958,3.70097
3959,3.52884
3960,3.14865
3961,3.61694
3962,3.85014
3963,4.1495
3964,3.83911
3965,3.06703
3966,3.10124
3967,3.43141
3968,2.3706
3969,4.27684
3970,2.34699
3971,3.4015
3972,2.56982
3973,4.03155
3974,4.11523
3975,2.78797
3976,3.83627
3977,3.65095
3978,4.40141
3979,3.31679
3980,3.73235
3981,2.54297
3982,3.70026
3983,3.43685
3984,3.88781
3985,3.53829
3986,2.09695
3987,3.63798
3988,2.90727
3989,4.06036
3990,3.44897
3991,3.09688
3992,3.48233
3993,4.02231
3994,3.36508
3995,3.40172
3996,3.71906
3997,2.74572
3998,4.09294
3999,3.62509
4000,3.84072
4001,3.5347
4002,3.81545
4003,2.8123
4004,3.57333
4005,3.90127
4006,3.05987
4007,3.06159
4008,2.81355
4009,2.9179
4010,4.1426
4011,4.2287
4012,3.2144
4013,3.53602
4014,2.69102
4015,3.69858
4016,3.08158
4017,4.15821
4018,3.65459
4019,2.03354
4020,3.2799
4021,3.84388
4022,4.13531
4023,2.66877
4024,3.66641
4025,4.06314
4026,3.87696
4027,3.06272
4028,4.22969
4029,3.41417
4030,3.50689
4031,4.08526
4032,3.72631
4033,2.71137
4034,3.70161
4035,3.30304
4036,4.1772
4037,2.68234
4038,3.12369
4039,3.39861
4040,4.28441
4041,4.52798
4042,3.43547
4043,2.72419
4044,4.4973
4045,4.03777
4046,4.24059
4047,3.11435
4048,3.3642
4049,4.35459
4050,3.11667
4051,3.32023
4052,3.10793
4053,2.31413
4054,3.19568
4055,3.85108
4056,3.72327
4057,1.10761
4058,3.05766
4059,3.35177
4060,4.07034
4061,4.4885
4062,3.53682
4063,3.53618
4064,2.21465
4065,3.9002
4066,3.11512
4067,2.2346
4068,3.39065
4069,3.77539
4070,3.26949
4071,1.92218
4072,3.87622
4073,2.92411
4074,3.65363
4075,2.6405
4076,3.21735
4077,3.48371
4078,3.7941
4079,3.24318
4080,2.78073
4081,3.89721
4082,2.77222
4083,3.34456
4084,4.4527
4085,3.4072
4086,2.9893
4087,4.05632
4088,3.61122
4089,4.09769
4090,3.36414
4091,2.77491
4092,3.44042
4093,1.16605
4094,4.36046
4095,4.35377
4096,3.58194
4097,3.84307
4098,3.82765
4099,3.27507
4100,3.09471
4101,3.56722
4102,3.52336
4103,3.07494
4104,3.11922
4105,3.55049
4106,3.15682
4107,3.73955
4108,4.25441
4109,3.55863
4110,4.46022
4111,4.16248
4112,2.95326
4113,3.85964
4114,3.73688
4115,3.73144
4116,4.00351
4117,4.063
4118,3.63276
4119,4.28121
4120,4.28295
4121,1.35481
4122,2.6302
4123,3.75172
4124,3.99312
4125,2.69432
4126,3.82454
4127,4.31746
4128,3.94921
4129,2.7684
4130,3.8117
4131,3.02613
4132,3.49673
4133,3.86081
4134,3.8008
4135,3.85838
4136,4.45266
4137,3.62614
4138,3.31942
4139,3.50703
4140,4.06537
4141,3.89332
4142,3.01383
4143,2.75244
4144,3.3581
4145,3.91817
4146,4.21218
4147,3.82483
4148,3.30188
4149,3.81253
4150,3.42251
4151,2.56452
4152,3.62943
4153,3.78314
4154,4.00142
4155,2.97948
4156,4.27474
4157,3.07061
4158,4.24646
4159,4.18227
4160,3.4465
4161,3.41285
4162,3.65163
4163,4.10407
4164,3.44725
4165,3.10562
4166,3.07045
4167,3.55058
4168,2.68433
4169,3.96629
4170,3.70737
4171,3.10657
4172,2.6266
4173,3.30742
4174,3.25476
4175,3.03272
4176,3.91197
4177,3.21597
4178,3.90625
4179,2.24595
4180,1.73857
4181,3.36296
4182,4.28609
4183,2.67186
4184,2.96105
4185,3.29907
4186,3.1782
4187,4.11623
4188,3.51666
4189,3.68878
4190,3.55156
4191,3.4061
4192,2.95456
4193,3.3806
4194,3.93215
4195,2.29155
4196,2.79858
4197,3.07744
4198,2.57718
4199,3.75384
4200,3.70141
4201,3.28098
4202,4.07576
4203,3.71174
4204,3.67257
4205,4.21537
4206,2.57358
4207,3.80127
4208,3.49717
4209,4.51884
4210,4.09087
4211,3.99952
4212,2.65316
4213,3.21334
4214,4.13165
4215,3.14838
4216,3.44854
4217,3.96118
4218,3.23242
4219,3.15783
4220,2.90359
4221,3.68159
4222,4.02282
4223,3.36815
4224,4.1703
4225,3.87607
4226,3.42771
4227,2.71875
4228,3.64801
4229,3.90516
4230,2.99479
4231,2.82673
4232,3.76827
4233,4.01865
4234,3.4171
4235,3.88347
4236,2.24638
4237,2.99542
4238,3.88512
4239,3.12024
4240,3.84754
4241,1.76251
4242,3.02447
4243,2.52108
4244,3.38782
4245,3.36297
4246,3.34424
4247,3.42266
4248,4.3035
4249,4.64997
4250,3.69027
4251,3.99727
4252,2.18437
4253,3.84635
4254,4.27208
4255,3.6625
4256,3.60899
4257,2.91974
4258,3.54357
4259,3.77381
4260,3.14307
4261,3.56801
4262,3.46914
4263,3.82633
4264,3.29486
4265,3.57184
4266,4.91855
4267,3.38039
4268,3.18568
4269,3.89639
4270,3.4704
4271,3.71447
4272,3.25584
4273,4.35647
4274,2.64521
4275,3.32828
4276,4.06696
4277,4.40344
4278,2.7526
4279,3.94058
4280,2.83898
4281,2.72727
4282,3.96052
4283,3.40134
4284,3.18659
4285,3.81498
4286,4.06446
4287,3.39595
4288,3.6045
4289,3.09393
4290,4.30155
4291,1.81833
4292,3.38687
4293,3.36656
4294,3.18936
4295,3.4194
4296,3.57646
4297,1.9659
4298,3.34954
4299,3.36629
4300,3.56249
4301,3.8157
4302,2.71585
4303,2.5549
4304,3.99592
4305,3.83253
4306,3.72966
4307,4.18265
4308,2.51135
4309,3.59088
4310,3.78947
4311,2.57054
4312,2.88509
4313,3.75452
4314,3.77256
4315,2.09787
4316,3.22716
4317,3.94728
4318,3.49892
4319,4.11471
4320,2.98581
4321,4.13164
4322,3.63088
4323,2.77994
4324,3.77351
4325,3.51225
4326,3.9616
4327,3.82156
4328,3.8215
4329,3.93729
4330,2.81
4331,3.10238
4332,3.32489
4333,3.31053
4334,4.07707
4335,4.27852
4336,3.44411
4337,3.79744
4338,3.77287
4339,3.51157
4340,3.27797
4341,2.89611
4342,4.43184
4343,2.07554
4344,3.74631
4345,4.22388
4346,3.8174
4347,4.27152
4348,3.15152
4349,3.57291
4350,3.09807
4351,3.38457
4352,3.63629
4353,3.32167
4354,4.18249
4355,4.08441
4356,3.61158
4357,3.24211
4358,3.21684
4359,4.23798
4360,3.18384
4361,2.00379
4362,4.61837
4363,3.19909
4364,3.32536
4365,3.53823
4366,4.18603
4367,4.05809
4368,3.78178
4369,3.92094
4370,3.7236
4371,3.43373
4372,2.97494
4373,4.45681
4374,4.10415
4375,3.17126
4376,2.39878
4377,4.30619
4378,3.74255
4379,3.37244
4380,3.65968
4381,4.39255
4382,2.9002
4383,4.094
4384,2.92522
4385,3.55831
4386,3.60101
4387,3.60077
4388,3.8549
4389,2.498
4390,4.06542
4391,2.57989
4392,3.39771
4393,3.3152
4394,3.61627
4395,3.43755
4396,2.87124
4397,4.08028
4398,4.32654
4399,3.62304
4400,4.0636
4401,2.08694
4402,3.0555
4403,2.74963
4404,3.82519
4405,4.26232
4406,4.29987
4407,4.07744
4408,1.98066
4409,3.82904
4410,3.78949
4411,2.37665
4412,3.4407
4413,1.88352
4414,3.74886
4415,3.50311
4416,3.3012
4417,3.25872
4418,4.08911
4419,3.64538
4420,3.10738
4421,2.35974
4422,3.00186
4423,3.75756
4424,3.34301
4425,4.17819
4426,3.22838
4427,4.09533
4428,4.06405
4429,3.24174
4430,3.81732
4431,4.17709
4432,3.74563
4433,4.10806
4434,3.77824
4435,3.7764
4436,3.94953
4437,3.22429
4438,1.154
4439,3.61973
4440,4.01586
4441,3.29001
4442,4.38962
4443,3.74323
4444,3.52901
4445,4.35172
4446,3.22253
4447,3.65418
4448,3.28867
4449,2.325
4450,2.66042
4451,3.76456
4452,3.12336
4453,3.85928
4454,4.13592
4455,4.20755
4456,4.07797
4457,2.62127
4458,3.46685
4459,3.93757
4460,3.7061
4461,3.099
4462,3.22981
4463,3.53355
4464,3.5408
4465,2.96099
4466,3.10882
4467,3.33315
4468,3.0429
4469,3.198
4470,3.45439
4471,3.64129
4472,3.71699
4473,3.62735
4474,3.93056
4475,3.2111
4476,3.46472
4477,3.8051
4478,2.96003
4479,3.18624
4480,3.15319
4481,3.32063
4482,2.08601
4483,3.97155
4484,3.49305
4485,3.81323
4486,3.83504
4487,3.8628
4488,3.95891
4489,3.3769
4490,3.05143
4491,3.36391
4492,3.55161
4493,3.51489
4494,2.0085
4495,2.11433
4496,3.12582
4497,3.92103
4498,3.59858
4499,3.39156
4500,3.2336
4501,3.41607
4502,3.21651
4503,3.01576
4504,3.64908
4505,4.11676
4506,2.61831
4507,3.59091
4508,3.3864
4509,3.6015
4510,3.76075
4511,3.53339
4512,3.85061
4513,4.19136
4514,3.03784
4515,3.49241
4516,4.1347
4517,2.93685
4518,3.31945
4519,2.33686
4520,2.91295
4521,3.26793
4522,3.68596
4523,3.75609
4524,3.96426
4525,3.48297
4526,3.11148
4527,3.13374
4528,2.72543
4529,2.77036
4530,3.73995
4531,3.26355
4532,3.28208
4533,2.83249
4534,4.34969
4535,1.18143
4536,2.7271
4537,3.30525
4538,3.28586
4539,2.42605
4540,4.06154
4541,3.69219
4542,3.39374
4543,3.87318
4544,4.21752
4545,4.10094
4546,3.7588
4547,3.43313
4548,3.28743
4549,2.9146
4550,3.34384
4551,4.14706
4552,4.41663
4553,3.60679
4554,3.40537
4555,3.5537
4556,3.576
4557,1.67864
4558,3.77219
4559,3.0929
4560,3.97859
4561,4.03838
4562,4.6386
4563,4.19797
4564,3.76662
4565,3.13915
4566,3.35053
4567,3.92538
4568,3.38985
4569,3.62629
4570,4.08609
4571,3.41487
4572,3.56743
4573,4.26948
4574,3.4161
4575,3.03198
4576,1.52482
4577,2.81326
4578,3.1799
4579,2.3518
4580,4.22758
4581,2.87135
4582,3.70416
4583,3.99981
4584,3.74307
4585,3.69183
4586,3.97932
4587,2.988
4588,3.51912
4589,4.14527
4590,3.37367
4591,2.52547
4592,4.071
4593,3.77936
4594,1.27157
4595,3.40834
4596,3.05762
4597,3.67543
4598,4.39606
4599,2.89421
4600,4.15187
4601,3.74578
4602,4.02211
4603,4.01489
4604,4.30152
4605,3.34644
4606,4.68984
4607,2.96739
4608,3.67047
4609,3.6787
4610,4.06759
4611,4.13347
4612,3.80867
4613,4.50533
4614,3.7023
4615,3.89284
4616,3.80924
4617,3.38338
4618,2.89807
4619,3.82599
4620,3.98666
4621,3.56159
4622,3.5567
4623,3.58748
4624,3.88677
4625,3.27258
4626,3.01587
4627,2.57131
4628,3.19967
4629,3.71308
4630,3.80866
4631,4.43656
4632,3.9715
4633,3.5314
4634,3.17071
4635,3.94415
4636,3.27142
4637,3.76229
4638,3.18849
4639,3.3016
4640,3.91422
4641,3.34318
4642,4.11401
4643,4.29264
4644,1.513
4645,3.90639
4646,3.81372
4647,2.41654
4648,3.31674
4649,4.0945
4650,1.86898
4651,3.02864
4652,3.59033
4653,3.38584
4654,2.70858
4655,4.20984
4656,2.15856
4657,2.65295
4658,3.25706
4659,3.4797
4660,4.81752
4661,3.40496
4662,3.81511
4663,3.62215
4664,3.812
4665,2.83349
4666,3.89523
4667,3.045
4668,2.20665
4669,1.60631
4670,3.69684
4671,3.89204
4672,2.21216
4673,4.36867
4674,4.29822
4675,3.8357
4676,2.35833
4677,3.23348
4678,3.65494
4679,3.16575
4680,2.25232
4681,3.84551
4682,3.5909
4683,4.2477
4684,3.76412
4685,3.62371
4686,3.29486
4687,4.10287
4688,3.75789
4689,3.71845
4690,3.20295
4691,3.46209
4692,2.91794
4693,3.94064
4694,3.43836
4695,4.07129
4696,3.73386
4697,3.41998
4698,3.46225
4699,3.4098
4700,2.2893
4701,4.15382
4702,3.28224
4703,2.59182
4704,4.78999
4705,3.22
4706,3.58131
4707,2.88952
4708,2.59733
4709,3.19301
4710,3.71257
4711,4.00028
4712,3.91087
4713,2.50451
4714,3.51253
4715,3.39558
4716,2.82037
4717,3.64305
4718,2.91684
4719,3.70368
4720,3.1512
4721,3.95618
4722,3.63981
4723,3.50586
4724,3.54535
4725,3.56778
4726,3.84885
4727,4.02539
4728,3.67222
4729,2.3827
4730,2.82319
4731,3.43358
4732,2.59515
4733,3.74845
4734,3.46682
4735,3.39305
4736,4.16938
4737,3.46221
4738,3.96423
4739,3.62579
4740,2.99306
4741,3.42202
4742,3.18194
4743,3.53021
4744,3.56561
4745,3.58634
4746,3.73118
4747,3.04798
4748,3.73598
4749,4.05388
4750,3.09376
4751,4.1494
4752,3.09982
4753,2.92399
4754,4.23107
4755,3.17784
4756,3.05987
4757,3.57814
4758,2.70734
4759,4.07557
4760,4.05202
4761,3.45286
4762,3.40965
4763,3.57617
4764,4.03999
4765,2.58577
4766,4.13469
4767,3.56436
4768,2.60775
4769,2.76815
4770,4.33153
4771,3.25519
4772,1.78062
4773,2.86262
4774,3.94616
4775,3.08083
4776,2.60329
4777,3.82687
4778,3.48125
4779,3.17921
4780,4.10259
4781,4.07207
4782,3.63631
4783,3.91612
4784,2.61824
4785,4.04165
4786,4.42633
4787,2.58169
4788,3.64964
4789,3.58663
4790,4.1144
4791,4.30841
4792,3.84434
4793,4.4209
4794,3.46681
4795,4.00162
4796,3.36779
4797,3.3342
4798,1.97836
4799,3.4547
4800,3.4639
4801,2.89828
4802,4.26744
4803,4.16112
4804,4.51189
4805,3.371
4806,3.10073
4807,3.2294
4808,4.16013
4809,3.075
4810,3.21131
4811,3.62416
4812,3.32276
4813,3.64001
4814,2.73761
4815,3.62921
4816,3.05544
4817,3.66191
4818,1.1223
4819,3.73749
4820,3.99379
4821,3.80343
4822,3.10579
4823,3.03614
4824,4.34716
4825,3.93365
4826,3.59221
4827,3.40841
4828,3.36155
4829,3.33016
4830,3.68608
4831,3.82019
4832,3.99693
4833,3.50595
4834,3.69701
4835,3.07946
4836,2.28706
4837,3.65959
4838,3.89575
4839,1.91003
4840,3.1195
4841,3.74035
4842,3.32029
4843,3.86985
4844,4.3357
4845,2.56713
4846,2.32897
4847,4.56623
4848,3.05603
4849,4.17881
4850,4.37107
4851,4.41708
4852,3.12288
4853,1.34519
4854,3.03192
4855,2.15904
4856,3.70959
4857,3.88993
4858,4.10832
4859,3.34924
4860,2.89737
4861,2.99348
4862,2.31986
4863,4.29466
4864,2.97988
4865,3.78439
4866,4.16278
4867,4.12102
4868,2.88094
4869,3.84258
4870,3.61461
4871,3.41594
4872,3.53673
4873,4.15909
4874,2.43449
4875,3.14012
4876,3.57328
4877,4.02328
4878,3.79448
4879,3.47682
4880,2.94023
4881,3.85471
4882,3.38492
4883,3.10799
4884,3.52975
4885,4.12474
4886,3.7482
4887,3.55791
4888,3.78664
4889,3.25986
4890,3.6734
4891,3.05809
4892,2.83982
4893,2.88524
4894,3.13397
4895,3.09662
4896,3.88155
4897,4.15267
4898,4.20517
4899,2.81036
4900,3.33234
4901,3.49274
4902,3.20292
4903,2.4748
4904,2.98439
4905,3.96227
4906,3.7127
4907,3.87216
4908,4.11666
4909,2.94224
4910,3.8138
4911,3.17083
4912,2.33068
4913,3.65326
4914,3.08284
4915,3.96948
4916,3.9389
4917,3.00553
4918,4.32413
4919,3.34403
4920,3.02548
4921,3.58601
4922,4.30053
4923,3.84249
4924,2.34159
4925,3.45475
4926,4.25115
4927,2.144
4928,3.69662
4929,3.20179
4930,3.80247
4931,3.6495
4932,3.08961
4933,3.17368
4934,3.26335
4935,2.65388
4936,2.88172
4937,3.26872
4938,3.4893
4939,3.82195
4940,2.91146
4941,2.90518
4942,4.04364
4943,3.59665
4944,3.78791
4945,4.14488
4946,4.1711
4947,3.3337
4948,3.69348
4949,3.26352
4950,3.05933
4951,3.61852
4952,3.53508
4953,3.30103
4954,3.21755
4955,3.93578
4956,4.37767
4957,4.60662
4958,4.64367
4959,4.09855
4960,2.85975
4961,2.95044
4962,3.87006
4963,3.53434
4964,2.93805
4965,2.76399
4966,2.35452
4967,4.05974
4968,3.63237
4969,3.975
4970,2.72428
4971,2.57241
4972,3.43581
4973,2.67895
4974,3.71146
4975,3.81004
4976,3.49049
4977,3.26853
4978,4.05602
4979,3.29968
4980,3.85247
4981,3.09746
4982,3.11263
4983,3.77412
4984,3.48566
4985,4.05909
4986,4.10138
4987,3.63601
4988,1.99693
4989,3.63508
4990,2.9151
4991,3.44086
4992,3.014
4993,2.66379
4994,3.43467
4995,3.53508
4996,2.39636
4997,3.11626
4998,4.06345
4999,3.79477
